{
  "metrics": {
    "accuracy": 1.0,
    "f1": 1.0,
    "auc": 1.0
  },
  "features": [
    "impressions",
    "clicks",
    "spend",
    "ctr",
    "cpm",
    "frequency",
    "soft_conversions",
    "revenue"
  ],
  "importances": [
    0.10165020823478699,
    0.07471123337745667,
    0.19468657672405243,
    0.2841475307941437,
    0.11091393977403641,
    0.04276915639638901,
    0.07262330502271652,
    0.11849800497293472
  ]
}