{
  "metrics": {
    "accuracy": 1.0,
    "f1": 1.0,
    "auc": 1.0
  },
  "features": [
    "impressions",
    "clicks",
    "spend",
    "ctr",
    "cpm",
    "frequency",
    "soft_conversions",
    "revenue"
  ],
  "importances": [
    0.07326878607273102,
    0.08091608434915543,
    0.21053250133991241,
    0.3403712809085846,
    0.09419281780719757,
    0.05112701654434204,
    0.022733042016625404,
    0.12685847282409668
  ]
}